station,state,core,year,n_obs,total_in,max_in,d_ge_050,d_ge_100,d_ge_200,wet_days
USC00116703,IL,0,2009,230,32.94,2.23,25,11,3,92
USC00116703,IL,0,2010,53,2.43,1.01,2,1,0,5
USW00004808,IL,1,2009,243,22.77,1.34,15,3,0,120
USW00004808,IL,1,2010,365,32.90,2.38,20,5,1,127
USW00004808,IL,1,2011,365,39.50,2.41,26,9,3,148
USW00004808,IL,1,2012,365,24.08,1.75,9,5,0,115
USW00004808,IL,1,2013,364,34.56,2.42,20,8,2,141
USW00004808,IL,1,2014,365,29.89,1.95,20,6,0,112
USW00004808,IL,1,2015,365,40.81,2.86,26,10,3,110
USW00004808,IL,1,2016,360,34.39,2.04,23,6,1,104
USW00004808,IL,1,2017,363,41.56,5.14,26,7,2,108
USW00004808,IL,1,2018,360,35.75,1.88,27,7,0,124
USW00004808,IL,1,2019,363,45.28,1.92,34,12,0,132
USW00004808,IL,1,2020,363,32.89,2.13,21,6,1,111
USW00004808,IL,1,2021,357,23.60,2.61,13,3,1,93
USW00004808,IL,1,2022,365,32.85,2.04,26,6,1,104
USW00004808,IL,1,2023,365,33.81,2.79,25,5,1,121
USW00004808,IL,1,2024,152,14.01,1.11,9,3,0,49
USW00004838,IL,1,2009,245,29.12,3.23,20,5,1,109
USW00004838,IL,1,2010,365,24.33,2.31,14,4,2,83
USW00004838,IL,1,2011,365,30.29,3.38,19,5,2,94
USW00004838,IL,1,2012,365,22.12,1.31,13,5,0,96
USW00004838,IL,1,2013,353,31.60,4.53,16,4,1,135
USW00004838,IL,1,2014,364,32.95,2.31,21,10,2,112
USW00004838,IL,1,2015,365,32.97,1.97,23,5,0,102
USW00004838,IL,1,2016,363,33.80,2.71,22,7,1,117
USW00004838,IL,1,2017,362,42.23,3.27,28,11,3,109
USW00004838,IL,1,2018,364,46.89,3.72,34,15,2,119
USW00004838,IL,1,2019,364,44.63,2.30,28,10,2,139
USW00004838,IL,1,2020,365,35.74,2.59,21,9,1,114
USW00004838,IL,1,2021,361,25.18,1.86,12,5,0,103
USW00004838,IL,1,2022,365,32.75,1.98,22,6,0,104
USW00004838,IL,1,2023,363,29.31,1.96,18,7,0,119
USW00004838,IL,1,2024,152,14.29,1.15,7,1,0,52
USW00013995,MO,1,2009,245,36.80,4.50,23,9,3,86
USW00013995,MO,1,2010,365,46.16,4.62,29,15,3,107
USW00013995,MO,1,2011,365,40.61,2.31,27,10,2,119
USW00013995,MO,1,2012,366,30.94,2.31,22,8,1,86
USW00013995,MO,1,2013,365,51.84,2.50,34,15,5,114
USW00013995,MO,1,2014,365,38.59,3.23,27,12,1,108
USW00013995,MO,1,2015,365,59.74,6.03,35,15,6,118
USW00013995,MO,1,2016,366,36.25,2.22,23,9,2,101
USW00013995,MO,1,2017,365,47.55,4.31,35,13,1,100
USW00013995,MO,1,2018,365,44.88,2.86,29,11,4,117
USW00013995,MO,1,2019,365,54.47,4.29,38,15,3,129
USW00013995,MO,1,2020,366,49.71,4.29,35,11,2,114
USW00013995,MO,1,2021,365,46.96,2.68,36,14,1,117
USW00013995,MO,1,2022,365,43.26,2.18,32,15,1,100
USW00013995,MO,1,2023,365,43.05,2.49,29,13,1,108
USW00013995,MO,1,2024,152,19.57,2.54,17,3,1,44
USW00014819,IL,1,2009,245,27.43,1.38,20,9,0,100
USW00014819,IL,1,2010,365,41.36,4.73,29,10,2,118
USW00014819,IL,1,2011,365,35.21,2.17,21,5,1,138
USW00014819,IL,1,2012,365,26.89,3.66,13,3,1,104
USW00014819,IL,1,2013,365,34.74,2.20,24,8,2,124
USW00014819,IL,1,2014,364,41.09,3.31,24,12,3,128
USW00014819,IL,1,2015,364,37.94,3.15,24,6,1,120
USW00014819,IL,1,2016,366,35.18,2.21,27,9,1,116
USW00014819,IL,1,2017,361,41.35,5.20,25,10,2,116
USW00014819,IL,1,2018,365,39.25,2.37,28,10,2,145
USW00014819,IL,1,2019,364,41.25,2.26,22,8,1,139
USW00014819,IL,1,2020,366,36.46,3.67,22,5,1,116
USW00014819,IL,1,2021,362,27.87,2.25,16,6,1,117
USW00014819,IL,1,2022,365,30.76,1.99,20,9,0,108
USW00014819,IL,1,2023,365,35.63,4.68,17,10,1,120
USW00014819,IL,1,2024,152,15.98,1.28,10,4,0,57
USW00014880,IL,1,2009,245,30.31,3.95,22,8,1,104
USW00014880,IL,1,2010,365,30.50,2.47,20,7,1,116
USW00014880,IL,1,2011,359,41.41,3.42,32,7,2,126
USW00014880,IL,1,2012,365,26.96,1.93,15,4,0,116
USW00014880,IL,1,2013,365,34.78,2.21,22,8,1,152
USW00014880,IL,1,2014,364,33.14,2.00,21,11,1,116
USW00014880,IL,1,2015,360,37.51,2.55,27,7,2,97
USW00014880,IL,1,2016,363,28.74,1.85,17,5,0,114
USW00014880,IL,1,2017,365,37.18,3.05,20,7,2,124
USW00014880,IL,1,2018,365,48.72,3.00,36,15,4,132
USW00014880,IL,1,2019,364,48.58,2.59,33,8,2,152
USW00014880,IL,1,2020,366,41.02,3.29,25,11,3,117
USW00014880,IL,1,2021,362,22.62,1.50,13,5,0,105
USW00014880,IL,1,2022,362,33.30,3.89,20,4,2,105
USW00014880,IL,1,2023,363,35.08,2.92,24,8,2,116
USW00014880,IL,1,2024,152,18.75,1.13,16,4,0,59
USW00054740,VT,0,2009,245,32.35,1.87,24,5,0,137
USW00054740,VT,0,2010,365,44.18,3.96,24,13,4,152
USW00054740,VT,0,2011,365,50.05,2.18,34,10,1,177
USW00054740,VT,0,2012,365,34.68,1.64,22,6,0,145
USW00054740,VT,0,2013,365,37.13,2.48,24,7,1,134
USW00054740,VT,0,2014,365,41.54,2.79,28,8,1,125
USW00054740,VT,0,2015,365,32.99,2.47,25,6,1,128
USW00054740,VT,0,2016,366,27.36,1.36,17,4,0,113
USW00054740,VT,0,2017,365,40.76,1.74,31,10,0,131
USW00054740,VT,0,2018,365,45.70,1.68,36,8,0,148
USW00054740,VT,0,2019,364,37.17,1.45,25,6,0,150
USW00054740,VT,0,2020,366,39.95,1.95,33,8,0,129
USW00054740,VT,0,2021,363,40.89,1.75,33,8,0,143
USW00054740,VT,0,2022,365,42.98,1.97,35,10,0,132
USW00054740,VT,0,2023,363,51.99,2.43,38,12,1,160
USW00054740,VT,0,2024,149,14.29,1.26,12,2,0,49
USW00063888,OH,0,2017,192,24.52,2.67,14,6,2,68
USW00063888,OH,0,2018,341,44.78,3.09,27,13,1,137
USW00063888,OH,0,2019,321,35.44,1.95,24,7,0,130
USW00063888,OH,0,2020,337,305.32,24.98,63,48,39,198
USW00063888,OH,0,2021,241,19.39,1.31,9,4,0,81
USW00063888,OH,0,2022,217,10.56,1.19,4,1,0,90
USW00063888,OH,0,2023,359,31.84,2.03,21,4,1,112
USW00063888,OH,0,2024,148,12.20,1.51,8,3,0,53
USW00093822,IL,1,2009,245,41.00,2.64,29,11,3,91
USW00093822,IL,1,2010,365,46.92,3.55,31,11,2,122
USW00093822,IL,1,2011,365,30.61,1.34,17,7,0,122
USW00093822,IL,1,2012,366,30.06,2.33,19,7,1,102
USW00093822,IL,1,2013,365,38.35,2.18,26,14,1,114
USW00093822,IL,1,2014,365,45.44,2.57,35,9,5,124
USW00093822,IL,1,2015,365,44.11,2.13,29,12,1,125
USW00093822,IL,1,2016,366,42.77,5.59,24,7,3,109
USW00093822,IL,1,2017,365,31.50,2.28,21,7,2,113
USW00093822,IL,1,2018,365,45.41,2.80,27,13,5,115
USW00093822,IL,1,2019,365,49.34,3.30,29,13,2,130
USW00093822,IL,1,2020,366,39.92,2.35,29,8,2,121
USW00093822,IL,1,2021,365,46.98,2.36,35,14,3,120
USW00093822,IL,1,2022,362,39.81,3.71,27,11,1,103
USW00093822,IL,1,2023,365,34.05,3.64,22,10,1,100
USW00093822,IL,1,2024,150,16.71,1.43,13,3,0,56
USW00094822,IL,1,2009,245,33.23,4.20,21,8,2,84
USW00094822,IL,1,2010,365,37.09,4.70,21,7,2,121
USW00094822,IL,1,2011,365,39.04,3.93,28,7,1,128
USW00094822,IL,1,2012,366,23.35,2.26,13,2,1,105
USW00094822,IL,1,2013,365,40.57,3.06,27,9,2,128
USW00094822,IL,1,2014,365,33.50,2.24,23,6,1,123
USW00094822,IL,1,2015,365,40.03,2.87,25,9,2,109
USW00094822,IL,1,2016,366,35.16,1.64,22,11,0,123
USW00094822,IL,1,2017,365,44.67,4.11,28,11,3,125
USW00094822,IL,1,2018,365,49.61,2.59,30,16,3,132
USW00094822,IL,1,2019,365,49.42,2.92,37,13,1,149
USW00094822,IL,1,2020,366,34.61,2.06,24,8,2,111
USW00094822,IL,1,2021,365,24.19,2.52,15,2,1,113
USW00094822,IL,1,2022,365,39.47,4.46,22,8,3,116
USW00094822,IL,1,2023,365,32.46,2.71,20,5,1,109
USW00094822,IL,1,2024,152,15.00,1.68,8,3,0,52
USW00094830,OH,1,2009,245,23.13,2.38,14,5,1,86
USW00094830,OH,1,2010,365,34.61,2.31,23,7,1,123
USW00094830,OH,1,2011,365,48.76,2.77,35,11,1,157
USW00094830,OH,1,2012,366,30.34,2.05,18,5,1,137
USW00094830,OH,1,2013,365,36.83,1.68,26,8,0,127
USW00094830,OH,1,2014,365,31.70,3.39,14,5,2,132
USW00094830,OH,1,2015,365,36.51,3.33,22,8,1,126
USW00094830,OH,1,2016,366,34.33,1.32,25,6,0,134
USW00094830,OH,1,2017,365,39.02,2.13,22,9,2,145
USW00094830,OH,1,2018,365,38.01,1.62,26,7,0,142
USW00094830,OH,1,2019,365,44.63,1.79,29,9,0,147
USW00094830,OH,1,2020,366,32.03,1.68,18,5,0,137
USW00094830,OH,1,2021,364,43.10,3.21,29,11,1,127
USW00094830,OH,1,2022,365,31.42,1.67,21,5,0,126
USW00094830,OH,1,2023,365,34.08,2.45,20,7,3,127
USW00094830,OH,1,2024,152,20.05,2.67,11,5,1,66
USW00094846,IL,1,2009,245,27.63,3.97,17,4,1,95
USW00094846,IL,1,2010,365,37.61,3.64,22,6,2,116
USW00094846,IL,1,2011,365,49.83,6.86,30,11,2,142
USW00094846,IL,1,2012,366,26.91,1.34,18,4,0,109
USW00094846,IL,1,2013,365,42.09,3.54,31,8,2,144
USW00094846,IL,1,2014,365,39.47,2.76,26,9,3,131
USW00094846,IL,1,2015,365,39.85,2.56,24,7,2,124
USW00094846,IL,1,2016,366,35.97,1.60,26,6,0,130
USW00094846,IL,1,2017,365,43.10,4.19,27,9,1,122
USW00094846,IL,1,2018,365,49.23,2.36,33,15,2,147
USW00094846,IL,1,2019,365,49.54,2.28,32,10,2,151
USW00094846,IL,1,2020,366,39.22,3.53,22,7,2,118
USW00094846,IL,1,2021,365,30.15,1.91,16,6,0,118
USW00094846,IL,1,2022,365,31.99,1.77,18,6,0,114
USW00094846,IL,1,2023,365,33.73,3.35,20,7,1,135
USW00094846,IL,1,2024,152,15.27,0.93,9,0,0,59
USW00094892,IL,1,2009,245,23.79,1.50,18,2,0,102
USW00094892,IL,1,2010,365,37.04,3.08,26,9,2,112
USW00094892,IL,1,2011,363,35.40,1.91,22,10,0,127
USW00094892,IL,1,2012,365,20.69,1.19,12,1,0,99
USW00094892,IL,1,2013,365,33.77,2.34,23,5,1,131
USW00094892,IL,1,2014,362,30.66,1.97,20,8,0,112
USW00094892,IL,1,2015,365,39.45,3.09,27,8,2,112
USW00094892,IL,1,2016,365,32.49,1.41,22,6,0,111
USW00094892,IL,1,2017,365,37.19,3.90,24,7,1,116
USW00094892,IL,1,2018,364,35.80,1.48,29,9,0,129
USW00094892,IL,1,2019,365,43.26,2.00,29,10,1,137
USW00094892,IL,1,2020,359,31.90,3.69,15,6,2,105
USW00094892,IL,1,2021,361,25.36,1.74,12,5,0,113
USW00094892,IL,1,2022,364,31.75,1.52,24,4,0,109
USW00094892,IL,1,2023,364,30.92,3.17,22,4,1,118
USW00094892,IL,1,2024,152,12.64,1.24,7,1,0,50
